dt,AverageTemperature,Country
1841-01-01,-1.1,Japan
1841-02-01,-0.07899999999999996,Japan
1841-03-01,2.68,Japan
1841-04-01,8.399999999999999,Japan
1841-05-01,13.796,Japan
1841-06-01,18.046,Japan
1841-07-01,22.872,Japan
1841-08-01,23.75,Japan
1841-09-01,19.374000000000002,Japan
1841-10-01,13.543,Japan
1841-11-01,7.616999999999999,Japan
1841-12-01,3.335,Japan
1842-01-01,0.22099999999999986,Japan
1842-02-01,0.903,Japan
1842-03-01,5.08,Japan
1842-04-01,9.811,Japan
1842-05-01,13.540999999999999,Japan
1842-06-01,17.907999999999994,Japan
1842-07-01,21.941,Japan
1842-08-01,23.449,Japan
1842-09-01,19.511,Japan
1842-10-01,13.14,Japan
1842-11-01,7.483999999999999,Japan
1842-12-01,4.3599999999999985,Japan
1843-01-01,1.261,Japan
1843-02-01,2.033,Japan
1843-03-01,4.7989999999999995,Japan
1843-04-01,9.364999999999998,Japan
1843-05-01,13.045,Japan
1843-06-01,17.689,Japan
1843-07-01,22.489,Japan
1843-08-01,23.589000000000002,Japan
1843-09-01,19.697,Japan
1843-10-01,13.344,Japan
1843-11-01,7.975,Japan
1843-12-01,4.2410000000000005,Japan
1844-01-01,0.5109999999999999,Japan
1844-02-01,0.1180000000000001,Japan
1844-03-01,4.522,Japan
1844-04-01,8.917,Japan
1844-05-01,13.36,Japan
1844-06-01,17.930999999999994,Japan
1844-07-01,22.261,Japan
1844-08-01,23.392,Japan
1844-09-01,19.527,Japan
1844-10-01,14.117,Japan
1844-11-01,7.737999999999999,Japan
1844-12-01,2.2,Japan
1845-01-01,1.882,Japan
1845-02-01,0.5940000000000001,Japan
1845-03-01,4.4239999999999995,Japan
1845-04-01,9.428,Japan
1845-05-01,13.952,Japan
1845-06-01,18.564,Japan
1845-07-01,23.151999999999997,Japan
1845-08-01,23.499000000000002,Japan
1845-09-01,19.325,Japan
1845-10-01,12.978,Japan
1845-11-01,7.214999999999999,Japan
1845-12-01,1.5530000000000002,Japan
1846-01-01,0.92,Japan
1846-02-01,1.034,Japan
1846-03-01,4.906000000000001,Japan
1846-04-01,9.232000000000001,Japan
1846-05-01,13.216,Japan
1846-06-01,18.702,Japan
1846-07-01,22.988000000000003,Japan
1846-08-01,24.406,Japan
1846-09-01,20.593000000000004,Japan
1846-10-01,14.075,Japan
1846-11-01,7.6869999999999985,Japan
1846-12-01,4.133,Japan
1847-01-01,1.336,Japan
1847-02-01,1.041,Japan
1847-03-01,3.3989999999999996,Japan
1847-04-01,9.640999999999998,Japan
1847-05-01,13.857999999999999,Japan
1847-06-01,18.04,Japan
1847-07-01,22.686,Japan
1847-08-01,24.066,Japan
1847-09-01,19.947,Japan
1847-10-01,13.722,Japan
1847-11-01,9.296,Japan
1847-12-01,2.884,Japan
1848-01-01,-0.5309999999999999,Japan
1848-02-01,1.755,Japan
1848-03-01,4.236000000000001,Japan
1848-04-01,9.504,Japan
1848-05-01,14.309000000000001,Japan
1848-06-01,18.372,Japan
1848-07-01,23.004,Japan
1848-08-01,23.373,Japan
1848-09-01,19.645,Japan
1848-10-01,14.312999999999999,Japan
1848-11-01,7.459,Japan
1848-12-01,3.766,Japan
1849-01-01,1.281,Japan
1849-02-01,2.367,Japan
1849-03-01,5.356,Japan
1849-04-01,8.687999999999999,Japan
1849-05-01,13.557,Japan
1849-06-01,18.213,Japan
1849-07-01,22.06,Japan
1849-08-01,23.783,Japan
1849-09-01,20.159000000000002,Japan
1849-10-01,13.859000000000002,Japan
1849-11-01,7.775999999999999,Japan
1849-12-01,2.161,Japan
1850-01-01,-0.4980000000000002,Japan
1850-02-01,1.057,Japan
1850-03-01,4.6610000000000005,Japan
1850-04-01,8.241999999999999,Japan
1850-05-01,13.468,Japan
1850-06-01,18.223,Japan
1850-07-01,22.628,Japan
1850-08-01,23.153000000000002,Japan
1850-09-01,19.535,Japan
1850-10-01,13.264,Japan
1850-11-01,7.026999999999999,Japan
1850-12-01,2.632,Japan
1851-01-01,0.8440000000000001,Japan
1851-02-01,0.4179999999999999,Japan
1851-03-01,3.404,Japan
1851-04-01,7.969999999999999,Japan
1851-05-01,13.773,Japan
1851-06-01,17.834,Japan
1851-07-01,22.865,Japan
1851-08-01,23.405,Japan
1851-09-01,19.429,Japan
1851-10-01,13.3,Japan
1851-11-01,7.834,Japan
1851-12-01,2.335,Japan
1852-01-01,0.13,Japan
1852-02-01,-0.6869999999999998,Japan
1852-03-01,2.422,Japan
1852-04-01,7.962000000000001,Japan
1852-05-01,13.757,Japan
1852-06-01,18.609,Japan
1852-07-01,23.22,Japan
1852-08-01,23.173,Japan
1852-09-01,19.737,Japan
1852-10-01,14.227,Japan
1852-11-01,7.110999999999999,Japan
1852-12-01,3.753,Japan
1853-01-01,-0.2390000000000001,Japan
1853-02-01,-0.9369999999999998,Japan
1853-03-01,3.457,Japan
1853-04-01,8.42,Japan
1853-05-01,13.934000000000001,Japan
1853-06-01,18.632,Japan
1853-07-01,23.499000000000002,Japan
1853-08-01,23.665,Japan
1853-09-01,20.343,Japan
1853-10-01,13.408,Japan
1853-11-01,7.9769999999999985,Japan
1853-12-01,2.9330000000000003,Japan
1854-01-01,0.115,Japan
1854-02-01,-0.1399999999999999,Japan
1854-03-01,4.48,Japan
1854-04-01,9.364999999999998,Japan
1854-05-01,14.647,Japan
1854-06-01,18.454,Japan
1854-07-01,23.042,Japan
1854-08-01,24.179,Japan
1854-09-01,20.39,Japan
1854-10-01,14.595999999999998,Japan
1854-11-01,8.171999999999999,Japan
1854-12-01,3.0060000000000002,Japan
1855-01-01,2.066,Japan
1855-02-01,0.4670000000000001,Japan
1855-03-01,4.718999999999999,Japan
1855-04-01,11.367,Japan
1855-05-01,14.949000000000002,Japan
1855-06-01,19.236,Japan
1855-07-01,23.061,Japan
1855-08-01,23.531999999999996,Japan
1855-09-01,20.566999999999997,Japan
1855-10-01,13.8,Japan
1855-11-01,7.533999999999999,Japan
1855-12-01,3.19,Japan
1856-01-01,0.5539999999999999,Japan
1856-02-01,-0.6440000000000001,Japan
1856-03-01,3.938,Japan
1856-04-01,9.567,Japan
1856-05-01,13.703,Japan
1856-06-01,18.866,Japan
1856-07-01,23.04,Japan
1856-08-01,24.344,Japan
1856-09-01,19.686,Japan
1856-10-01,13.452,Japan
1856-11-01,8.168,Japan
1856-12-01,3.2430000000000003,Japan
1857-01-01,0.039000000000000035,Japan
1857-02-01,1.054,Japan
1857-03-01,3.5180000000000002,Japan
1857-04-01,9.401,Japan
1857-05-01,13.002,Japan
1857-06-01,18.407,Japan
1857-07-01,22.680999999999997,Japan
1857-08-01,23.503,Japan
1857-09-01,19.59,Japan
1857-10-01,13.8,Japan
1857-11-01,8.505999999999998,Japan
1857-12-01,3.303,Japan
1858-01-01,0.3629999999999999,Japan
1858-02-01,0.865,Japan
1858-03-01,3.5090000000000003,Japan
1858-04-01,10.834000000000001,Japan
1858-05-01,14.715,Japan
1858-06-01,18.675,Japan
1858-07-01,22.761999999999997,Japan
1858-08-01,22.908,Japan
1858-09-01,19.789,Japan
1858-10-01,14.106,Japan
1858-11-01,8.988999999999997,Japan
1858-12-01,2.7239999999999998,Japan
1859-01-01,-0.12200000000000012,Japan
1859-02-01,-0.15900000000000006,Japan
1859-03-01,4.371,Japan
1859-04-01,10.651,Japan
1859-05-01,14.486,Japan
1859-06-01,19.334,Japan
1859-07-01,21.888,Japan
1859-08-01,23.111,Japan
1859-09-01,19.367,Japan
1859-10-01,13.612,Japan
1859-11-01,8.248,Japan
1859-12-01,3.888,Japan
1860-01-01,-0.6640000000000001,Japan
1860-02-01,0.4290000000000001,Japan
1860-03-01,2.211,Japan
1860-04-01,9.541,Japan
1860-05-01,13.73,Japan
1860-06-01,18.239,Japan
1860-07-01,22.791,Japan
1860-08-01,24.588,Japan
1860-09-01,20.943,Japan
1860-10-01,13.874,Japan
1860-11-01,6.406999999999999,Japan
1860-12-01,1.0639999999999996,Japan
1861-01-01,-1.6819999999999995,Japan
1861-02-01,-0.7559999999999998,Japan
1861-03-01,4.225,Japan
1861-04-01,9.608,Japan
1861-05-01,13.825999999999999,Japan
1861-06-01,18.5,Japan
1861-07-01,22.333000000000002,Japan
1861-08-01,24.191999999999997,Japan
1861-09-01,19.613,Japan
1861-10-01,13.474,Japan
1861-11-01,8.046999999999999,Japan
1861-12-01,2.772,Japan
1862-01-01,0.0050000000000000044,Japan
1862-02-01,-1.1510000000000002,Japan
1862-03-01,4.294,Japan
1862-04-01,9.514,Japan
1862-05-01,14.282,Japan
1862-06-01,18.961,Japan
1862-07-01,22.595,Japan
1862-08-01,23.26,Japan
1862-09-01,19.907,Japan
1862-10-01,13.706,Japan
1862-11-01,6.8679999999999986,Japan
1862-12-01,1.868,Japan
1863-01-01,0.443,Japan
1863-02-01,1.159,Japan
1863-03-01,4.9110000000000005,Japan
1863-04-01,9.146999999999998,Japan
1863-05-01,14.158,Japan
1863-06-01,19.32,Japan
1863-07-01,24.518,Japan
1863-08-01,24.748,Japan
1863-09-01,18.996,Japan
1863-10-01,13.159,Japan
1863-11-01,7.9449999999999985,Japan
1863-12-01,3.197,Japan
1864-01-01,-0.117,Japan
1864-02-01,-0.18500000000000005,Japan
1864-03-01,3.012,Japan
1864-04-01,9.899,Japan
1864-05-01,13.977,Japan
1864-06-01,18.507,Japan
1864-07-01,22.748,Japan
1864-08-01,24.248,Japan
1864-09-01,19.799,Japan
1864-10-01,14.370999999999999,Japan
1864-11-01,8.732000000000001,Japan
1864-12-01,2.322,Japan
1865-01-01,0.653,Japan
1865-02-01,0.992,Japan
1865-03-01,3.3040000000000003,Japan
1865-04-01,10.312000000000001,Japan
1865-05-01,14.875,Japan
1865-06-01,18.973,Japan
1865-07-01,21.703000000000003,Japan
1865-08-01,24.636999999999997,Japan
1865-09-01,20.410999999999998,Japan
1865-10-01,14.343,Japan
1865-11-01,7.959,Japan
1865-12-01,2.526,Japan
1866-01-01,-0.13200000000000012,Japan
1866-02-01,-0.28,Japan
1866-03-01,3.958,Japan
1866-04-01,8.561,Japan
1866-05-01,13.464,Japan
1866-06-01,17.598,Japan
1866-07-01,22.914,Japan
1866-08-01,24.034000000000002,Japan
1866-09-01,19.09,Japan
1866-10-01,14.100999999999999,Japan
1866-11-01,8.312000000000001,Japan
1866-12-01,3.082,Japan
1867-01-01,0.15200000000000002,Japan
1867-02-01,-0.6019999999999999,Japan
1867-03-01,4.703,Japan
1867-04-01,9.028,Japan
1867-05-01,13.787,Japan
1867-06-01,18.206,Japan
1867-07-01,22.703000000000003,Japan
1867-08-01,24.87,Japan
1867-09-01,19.951,Japan
1867-10-01,14.994000000000002,Japan
1867-11-01,8.770999999999999,Japan
1867-12-01,4.069,Japan
1868-01-01,0.995,Japan
1868-02-01,0.784,Japan
1868-03-01,3.406,Japan
1868-04-01,10.05,Japan
1868-05-01,14.497,Japan
1868-06-01,18.206,Japan
1868-07-01,23.276,Japan
1868-08-01,23.219,Japan
1868-09-01,19.713,Japan
1868-10-01,14.209000000000001,Japan
1868-11-01,8.187999999999999,Japan
1868-12-01,3.185,Japan
1869-01-01,0.9570000000000001,Japan
1869-02-01,2.685,Japan
1869-03-01,3.6460000000000004,Japan
1869-04-01,8.308,Japan
1869-05-01,13.79,Japan
1869-06-01,18.535,Japan
1869-07-01,21.612,Japan
1869-08-01,23.193,Japan
1869-09-01,20.828000000000003,Japan
1869-10-01,14.962,Japan
1869-11-01,8.046,Japan
1869-12-01,1.706,Japan
1870-01-01,0.09899999999999998,Japan
1870-02-01,0.14900000000000002,Japan
1870-03-01,4.481,Japan
1870-04-01,9.184,Japan
1870-05-01,14.593,Japan
1870-06-01,18.815,Japan
1870-07-01,23.099,Japan
1870-08-01,23.325,Japan
1870-09-01,20.752,Japan
1870-10-01,14.015999999999998,Japan
1870-11-01,8.293,Japan
1870-12-01,2.092,Japan
1871-01-01,-0.2970000000000001,Japan
1871-02-01,-0.06599999999999984,Japan
1871-03-01,4.292,Japan
1871-04-01,9.468,Japan
1871-05-01,13.607999999999999,Japan
1871-06-01,18.286,Japan
1871-07-01,23.11,Japan
1871-08-01,24.0,Japan
1871-09-01,20.354,Japan
1871-10-01,14.748,Japan
1871-11-01,8.471,Japan
1871-12-01,2.381,Japan
1872-01-01,-1.626,Japan
1872-02-01,0.258,Japan
1872-03-01,4.6419999999999995,Japan
1872-04-01,9.336,Japan
1872-05-01,13.854000000000001,Japan
1872-06-01,18.535,Japan
1872-07-01,22.914,Japan
1872-08-01,23.745,Japan
1872-09-01,20.054,Japan
1872-10-01,14.578,Japan
1872-11-01,8.338,Japan
1872-12-01,2.9019999999999997,Japan
1873-01-01,-0.98,Japan
1873-02-01,-0.3869999999999998,Japan
1873-03-01,2.8110000000000004,Japan
1873-04-01,8.424,Japan
1873-05-01,13.799000000000001,Japan
1873-06-01,17.935,Japan
1873-07-01,22.773000000000003,Japan
1873-08-01,24.011999999999997,Japan
1873-09-01,19.225,Japan
1873-10-01,13.485,Japan
1873-11-01,7.738999999999999,Japan
1873-12-01,3.012,Japan
1874-01-01,0.695,Japan
1874-02-01,1.248,Japan
1874-03-01,3.69,Japan
1874-04-01,9.637,Japan
1874-05-01,14.215,Japan
1874-06-01,19.246,Japan
1874-07-01,23.446,Japan
1874-08-01,24.500999999999998,Japan
1874-09-01,20.188,Japan
1874-10-01,13.962,Japan
1874-11-01,7.181999999999999,Japan
1874-12-01,2.948,Japan
1875-01-01,0.17799999999999996,Japan
1875-02-01,0.19500000000000006,Japan
1875-03-01,5.507999999999999,Japan
1875-04-01,8.921999999999997,Japan
1875-05-01,14.241,Japan
1875-06-01,18.394000000000002,Japan
1875-07-01,23.183000000000003,Japan
1875-08-01,23.698,Japan
1875-09-01,20.608,Japan
1875-10-01,14.12,Japan
1875-11-01,7.829999999999999,Japan
1875-12-01,3.362,Japan
1876-01-01,-0.4740000000000002,Japan
1876-02-01,1.54,Japan
1876-03-01,5.267,Japan
1876-04-01,9.813,Japan
1876-05-01,14.986,Japan
1876-06-01,17.124000000000002,Japan
1876-07-01,23.901999999999997,Japan
1876-08-01,25.616,Japan
1876-09-01,21.029,Japan
1876-10-01,14.5,Japan
1876-11-01,7.500999999999999,Japan
1876-12-01,2.623,Japan
1877-01-01,1.6880000000000002,Japan
1877-02-01,1.02,Japan
1877-03-01,4.692,Japan
1877-04-01,10.384,Japan
1877-05-01,13.851,Japan
1877-06-01,19.871,Japan
1877-07-01,24.127,Japan
1877-08-01,24.64,Japan
1877-09-01,20.625999999999998,Japan
1877-10-01,14.515,Japan
1877-11-01,7.829999999999999,Japan
1877-12-01,3.513,Japan
1878-01-01,-0.7030000000000001,Japan
1878-02-01,0.53,Japan
1878-03-01,4.896,Japan
1878-04-01,9.338,Japan
1878-05-01,14.818,Japan
1878-06-01,18.242,Japan
1878-07-01,23.524,Japan
1878-08-01,23.634,Japan
1878-09-01,21.486,Japan
1878-10-01,14.549000000000001,Japan
1878-11-01,7.650999999999999,Japan
1878-12-01,1.9880000000000002,Japan
1879-01-01,0.4879999999999999,Japan
1879-02-01,2.264,Japan
1879-03-01,4.706,Japan
1879-04-01,8.741,Japan
1879-05-01,14.851,Japan
1879-06-01,18.931,Japan
1879-07-01,23.753,Japan
1879-08-01,25.076,Japan
1879-09-01,19.761,Japan
1879-10-01,13.206,Japan
1879-11-01,7.767999999999999,Japan
1879-12-01,5.394,Japan
1880-01-01,-0.355,Japan
1880-02-01,2.438,Japan
1880-03-01,5.489,Japan
1880-04-01,9.235,Japan
1880-05-01,14.845,Japan
1880-06-01,17.633,Japan
1880-07-01,22.729,Japan
1880-08-01,24.311,Japan
1880-09-01,20.704,Japan
1880-10-01,14.649,Japan
1880-11-01,8.465,Japan
1880-12-01,2.184,Japan
1881-01-01,-0.18900000000000008,Japan
1881-02-01,0.6970000000000001,Japan
1881-03-01,2.498,Japan
1881-04-01,8.649999999999999,Japan
1881-05-01,14.71,Japan
1881-06-01,19.162,Japan
1881-07-01,22.226,Japan
1881-08-01,24.741999999999997,Japan
1881-09-01,21.319000000000003,Japan
1881-10-01,13.831,Japan
1881-11-01,9.167,Japan
1881-12-01,2.212,Japan
1882-01-01,2.316,Japan
1882-02-01,2.273,Japan
1882-03-01,3.94,Japan
1882-04-01,10.212,Japan
1882-05-01,13.869000000000002,Japan
1882-06-01,17.996,Japan
1882-07-01,22.424,Japan
1882-08-01,23.928,Japan
1882-09-01,20.119,Japan
1882-10-01,14.513,Japan
1882-11-01,7.488999999999999,Japan
1882-12-01,1.804,Japan
1883-01-01,0.2649999999999999,Japan
1883-02-01,0.028000000000000025,Japan
1883-03-01,2.895,Japan
1883-04-01,8.923,Japan
1883-05-01,13.279000000000002,Japan
1883-06-01,18.173,Japan
1883-07-01,23.249000000000002,Japan
1883-08-01,24.17,Japan
1883-09-01,20.305,Japan
1883-10-01,15.319,Japan
1883-11-01,7.975999999999999,Japan
1883-12-01,2.317,Japan
1884-01-01,0.039999999999999925,Japan
1884-02-01,-0.3230000000000002,Japan
1884-03-01,3.048,Japan
1884-04-01,8.408999999999999,Japan
1884-05-01,13.495,Japan
1884-06-01,17.467,Japan
1884-07-01,21.996,Japan
1884-08-01,22.429,Japan
1884-09-01,20.278,Japan
1884-10-01,12.947,Japan
1884-11-01,5.844999999999999,Japan
1884-12-01,0.7930000000000001,Japan
1885-01-01,-1.4959999999999998,Japan
1885-02-01,-0.6699999999999999,Japan
1885-03-01,2.181,Japan
1885-04-01,8.724,Japan
1885-05-01,13.217,Japan
1885-06-01,18.08,Japan
1885-07-01,20.968000000000004,Japan
1885-08-01,23.944000000000003,Japan
1885-09-01,20.407,Japan
1885-10-01,14.519,Japan
1885-11-01,8.484,Japan
1885-12-01,3.752,Japan
1886-01-01,-0.2250000000000001,Japan
1886-02-01,-0.6109999999999998,Japan
1886-03-01,4.562,Japan
1886-04-01,10.09,Japan
1886-05-01,14.321,Japan
1886-06-01,18.738,Japan
1886-07-01,23.342,Japan
1886-08-01,25.136,Japan
1886-09-01,21.418000000000003,Japan
1886-10-01,15.147,Japan
1886-11-01,8.593,Japan
1886-12-01,2.553,Japan
1887-01-01,0.437,Japan
1887-02-01,1.169,Japan
1887-03-01,4.022,Japan
1887-04-01,9.582999999999998,Japan
1887-05-01,12.92,Japan
1887-06-01,17.602999999999994,Japan
1887-07-01,22.349,Japan
1887-08-01,24.406,Japan
1887-09-01,19.602,Japan
1887-10-01,15.222,Japan
1887-11-01,9.295,Japan
1887-12-01,3.5260000000000002,Japan
1888-01-01,0.563,Japan
1888-02-01,-0.6970000000000001,Japan
1888-03-01,4.6819999999999995,Japan
1888-04-01,9.976,Japan
1888-05-01,14.29,Japan
1888-06-01,16.509999999999998,Japan
1888-07-01,23.103,Japan
1888-08-01,24.168000000000003,Japan
1888-09-01,19.338,Japan
1888-10-01,13.767999999999999,Japan
1888-11-01,10.052,Japan
1888-12-01,3.72,Japan
1889-01-01,-0.971,Japan
1889-02-01,0.355,Japan
1889-03-01,4.097,Japan
1889-04-01,9.295,Japan
1889-05-01,13.139000000000001,Japan
1889-06-01,18.377,Japan
1889-07-01,22.061,Japan
1889-08-01,24.105,Japan
1889-09-01,18.88,Japan
1889-10-01,13.012,Japan
1889-11-01,7.475999999999999,Japan
1889-12-01,2.966,Japan
1890-01-01,0.32199999999999995,Japan
1890-02-01,3.216,Japan
1890-03-01,6.037999999999999,Japan
1890-04-01,11.367,Japan
1890-05-01,14.693,Japan
1890-06-01,18.969,Japan
1890-07-01,22.287,Japan
1890-08-01,24.612,Japan
1890-09-01,22.32,Japan
1890-10-01,14.24,Japan
1890-11-01,9.342,Japan
1890-12-01,6.7010000000000005,Japan
1891-01-01,-0.71,Japan
1891-02-01,0.818,Japan
1891-03-01,5.888,Japan
1891-04-01,9.378,Japan
1891-05-01,15.18,Japan
1891-06-01,17.968999999999994,Japan
1891-07-01,22.313000000000002,Japan
1891-08-01,23.143,Japan
1891-09-01,21.6,Japan
1891-10-01,14.298,Japan
1891-11-01,8.463,Japan
1891-12-01,3.562,Japan
1892-01-01,0.109,Japan
1892-02-01,0.802,Japan
1892-03-01,2.357,Japan
1892-04-01,9.852,Japan
1892-05-01,14.164000000000001,Japan
1892-06-01,18.822,Japan
1892-07-01,24.197,Japan
1892-08-01,24.224,Japan
1892-09-01,21.43,Japan
1892-10-01,14.137,Japan
1892-11-01,7.664,Japan
1892-12-01,0.6779999999999999,Japan
1893-01-01,-0.44,Japan
1893-02-01,-1.198,Japan
1893-03-01,3.447,Japan
1893-04-01,9.390999999999998,Japan
1893-05-01,13.031,Japan
1893-06-01,17.83,Japan
1893-07-01,22.781,Japan
1893-08-01,24.252,Japan
1893-09-01,20.643,Japan
1893-10-01,14.309,Japan
1893-11-01,8.097000000000001,Japan
1893-12-01,2.349,Japan
1894-01-01,0.29200000000000004,Japan
1894-02-01,1.085,Japan
1894-03-01,5.225,Japan
1894-04-01,10.803999999999998,Japan
1894-05-01,13.77,Japan
1894-06-01,21.145,Japan
1894-07-01,24.478,Japan
1894-08-01,24.889,Japan
1894-09-01,20.578000000000003,Japan
1894-10-01,13.868,Japan
1894-11-01,9.822000000000001,Japan
1894-12-01,3.423,Japan
1895-01-01,-0.8809999999999999,Japan
1895-02-01,0.7190000000000001,Japan
1895-03-01,3.887,Japan
1895-04-01,10.014,Japan
1895-05-01,14.806,Japan
1895-06-01,17.95,Japan
1895-07-01,20.801,Japan
1895-08-01,24.211,Japan
1895-09-01,20.928,Japan
1895-10-01,14.795,Japan
1895-11-01,8.261000000000001,Japan
1895-12-01,3.388,Japan
1896-01-01,0.579,Japan
1896-02-01,0.602,Japan
1896-03-01,2.797,Japan
1896-04-01,10.866,Japan
1896-05-01,14.585,Japan
1896-06-01,19.563,Japan
1896-07-01,21.869,Japan
1896-08-01,24.166,Japan
1896-09-01,19.92,Japan
1896-10-01,13.879,Japan
1896-11-01,8.860999999999997,Japan
1896-12-01,2.49,Japan
1897-01-01,1.102,Japan
1897-02-01,0.625,Japan
1897-03-01,3.734,Japan
1897-04-01,8.408999999999999,Japan
1897-05-01,14.202,Japan
1897-06-01,17.035999999999998,Japan
1897-07-01,21.809,Japan
1897-08-01,24.206999999999997,Japan
1897-09-01,19.828,Japan
1897-10-01,13.332,Japan
1897-11-01,9.108,Japan
1897-12-01,1.1999999999999995,Japan
1898-01-01,1.794,Japan
1898-02-01,1.655,Japan
1898-03-01,2.4530000000000003,Japan
1898-04-01,8.87,Japan
1898-05-01,14.084000000000001,Japan
1898-06-01,17.898999999999994,Japan
1898-07-01,23.513,Japan
1898-08-01,24.590999999999998,Japan
1898-09-01,19.908,Japan
1898-10-01,14.228,Japan
1898-11-01,9.5,Japan
1898-12-01,4.313,Japan
1899-01-01,0.922,Japan
1899-02-01,1.797,Japan
1899-03-01,5.155,Japan
1899-04-01,10.156,Japan
1899-05-01,15.609000000000002,Japan
1899-06-01,19.537,Japan
1899-07-01,22.487,Japan
1899-08-01,23.537,Japan
1899-09-01,18.969,Japan
1899-10-01,12.727,Japan
1899-11-01,7.379,Japan
1899-12-01,3.661,Japan
1900-01-01,-0.9640000000000002,Japan
1900-02-01,-0.1030000000000002,Japan
1900-03-01,3.373,Japan
1900-04-01,9.507,Japan
1900-05-01,14.89,Japan
1900-06-01,17.685,Japan
1900-07-01,21.108,Japan
1900-08-01,24.704,Japan
1900-09-01,20.881,Japan
1900-10-01,14.450999999999999,Japan
1900-11-01,9.205,Japan
1900-12-01,2.947,Japan
1901-01-01,1.8969999999999998,Japan
1901-02-01,0.41400000000000015,Japan
1901-03-01,4.041,Japan
1901-04-01,10.688,Japan
1901-05-01,14.110999999999999,Japan
1901-06-01,18.088,Japan
1901-07-01,21.078000000000003,Japan
1901-08-01,24.041,Japan
1901-09-01,20.261,Japan
1901-10-01,15.029000000000002,Japan
1901-11-01,8.335999999999999,Japan
1901-12-01,2.178,Japan
1902-01-01,-0.3659999999999999,Japan
1902-02-01,0.375,Japan
1902-03-01,5.531000000000001,Japan
1902-04-01,8.652000000000001,Japan
1902-05-01,13.862,Japan
1902-06-01,17.448999999999998,Japan
1902-07-01,20.36,Japan
1902-08-01,21.941999999999997,Japan
1902-09-01,20.624000000000002,Japan
1902-10-01,14.382,Japan
1902-11-01,9.909,Japan
1902-12-01,5.565,Japan
1903-01-01,2.74,Japan
1903-02-01,1.745,Japan
1903-03-01,6.099,Japan
1903-04-01,10.992,Japan
1903-05-01,13.492,Japan
1903-06-01,17.581999999999994,Japan
1903-07-01,21.118000000000002,Japan
1903-08-01,23.69,Japan
1903-09-01,21.37,Japan
1903-10-01,13.849,Japan
1903-11-01,7.741999999999999,Japan
1903-12-01,1.7009999999999996,Japan
1904-01-01,-0.7969999999999999,Japan
1904-02-01,1.9280000000000002,Japan
1904-03-01,4.172,Japan
1904-04-01,10.67,Japan
1904-05-01,13.999,Japan
1904-06-01,19.487000000000002,Japan
1904-07-01,23.171,Japan
1904-08-01,24.31,Japan
1904-09-01,19.453,Japan
1904-10-01,14.092,Japan
1904-11-01,7.1160000000000005,Japan
1904-12-01,3.641,Japan
1905-01-01,2.677,Japan
1905-02-01,-0.369,Japan
1905-03-01,3.759,Japan
1905-04-01,8.152000000000001,Japan
1905-05-01,14.415,Japan
1905-06-01,18.543,Japan
1905-07-01,22.445,Japan
1905-08-01,21.459,Japan
1905-09-01,20.186,Japan
1905-10-01,14.57,Japan
1905-11-01,8.550999999999998,Japan
1905-12-01,4.781000000000001,Japan
1906-01-01,-0.39899999999999997,Japan
1906-02-01,0.07899999999999996,Japan
1906-03-01,4.261,Japan
1906-04-01,9.573,Japan
1906-05-01,14.277000000000001,Japan
1906-06-01,17.107,Japan
1906-07-01,22.451,Japan
1906-08-01,23.343000000000004,Japan
1906-09-01,19.063,Japan
1906-10-01,13.901,Japan
1906-11-01,7.062999999999999,Japan
1906-12-01,3.488,Japan
1907-01-01,1.3769999999999998,Japan
1907-02-01,-0.12699999999999978,Japan
1907-03-01,3.641,Japan
1907-04-01,9.696,Japan
1907-05-01,14.309000000000001,Japan
1907-06-01,17.337999999999994,Japan
1907-07-01,21.492,Japan
1907-08-01,24.743000000000002,Japan
1907-09-01,19.88,Japan
1907-10-01,13.705,Japan
1907-11-01,8.982999999999997,Japan
1907-12-01,1.8009999999999995,Japan
1908-01-01,0.07400000000000008,Japan
1908-02-01,0.17400000000000015,Japan
1908-03-01,3.585,Japan
1908-04-01,9.748,Japan
1908-05-01,13.601,Japan
1908-06-01,18.066,Japan
1908-07-01,20.909000000000002,Japan
1908-08-01,24.261999999999997,Japan
1908-09-01,18.757,Japan
1908-10-01,14.107,Japan
1908-11-01,6.866999999999999,Japan
1908-12-01,3.002,Japan
1909-01-01,-0.42000000000000015,Japan
1909-02-01,-0.18900000000000008,Japan
1909-03-01,3.037,Japan
1909-04-01,10.468,Japan
1909-05-01,14.137,Japan
1909-06-01,18.448,Japan
1909-07-01,22.636,Japan
1909-08-01,24.011999999999997,Japan
1909-09-01,20.599,Japan
1909-10-01,13.057,Japan
1909-11-01,8.584,Japan
1909-12-01,2.296,Japan
1910-01-01,2.051,Japan
1910-02-01,-0.026000000000000027,Japan
1910-03-01,3.182,Japan
1910-04-01,9.363,Japan
1910-05-01,14.314,Japan
1910-06-01,18.743,Japan
1910-07-01,22.086,Japan
1910-08-01,23.073,Japan
1910-09-01,19.465,Japan
1910-10-01,14.523,Japan
1910-11-01,8.424999999999999,Japan
1910-12-01,1.348,Japan
1911-01-01,0.07299999999999995,Japan
1911-02-01,1.6130000000000002,Japan
1911-03-01,5.119,Japan
1911-04-01,9.805,Japan
1911-05-01,14.33,Japan
1911-06-01,18.71,Japan
1911-07-01,22.401,Japan
1911-08-01,23.456999999999997,Japan
1911-09-01,21.183000000000003,Japan
1911-10-01,14.004,Japan
1911-11-01,10.178,Japan
1911-12-01,2.888,Japan
1912-01-01,0.516,Japan
1912-02-01,3.205,Japan
1912-03-01,4.887,Japan
1912-04-01,9.728,Japan
1912-05-01,13.797,Japan
1912-06-01,18.098,Japan
1912-07-01,21.739,Japan
1912-08-01,23.87,Japan
1912-09-01,18.816,Japan
1912-10-01,13.562,Japan
1912-11-01,6.918999999999999,Japan
1912-12-01,2.302,Japan
1913-01-01,-0.6040000000000001,Japan
1913-02-01,0.8809999999999999,Japan
1913-03-01,3.0439999999999996,Japan
1913-04-01,10.854000000000001,Japan
1913-05-01,13.492,Japan
1913-06-01,17.575,Japan
1913-07-01,21.084,Japan
1913-08-01,22.361,Japan
1913-09-01,18.375,Japan
1913-10-01,13.849,Japan
1913-11-01,8.047999999999998,Japan
1913-12-01,2.883,Japan
1914-01-01,1.993,Japan
1914-02-01,1.6880000000000002,Japan
1914-03-01,6.417000000000001,Japan
1914-04-01,8.828999999999997,Japan
1914-05-01,15.355,Japan
1914-06-01,18.899,Japan
1914-07-01,23.52,Japan
1914-08-01,24.32,Japan
1914-09-01,21.090999999999998,Japan
1914-10-01,14.093,Japan
1914-11-01,10.253,Japan
1914-12-01,3.388,Japan
1915-01-01,0.3729999999999999,Japan
1915-02-01,1.537,Japan
1915-03-01,3.412,Japan
1915-04-01,9.124,Japan
1915-05-01,13.085,Japan
1915-06-01,19.584,Japan
1915-07-01,22.42,Japan
1915-08-01,24.149,Japan
1915-09-01,21.266,Japan
1915-10-01,15.950999999999999,Japan
1915-11-01,9.607000000000001,Japan
1915-12-01,4.225,Japan
1916-01-01,2.6510000000000002,Japan
1916-02-01,1.956,Japan
1916-03-01,2.862,Japan
1916-04-01,9.587,Japan
1916-05-01,14.382,Japan
1916-06-01,20.724,Japan
1916-07-01,23.008000000000003,Japan
1916-08-01,24.785,Japan
1916-09-01,21.601,Japan
1916-10-01,14.815999999999999,Japan
1916-11-01,10.013,Japan
1916-12-01,4.159,Japan
1917-01-01,-0.29800000000000004,Japan
1917-02-01,0.722,Japan
1917-03-01,3.529,Japan
1917-04-01,9.475,Japan
1917-05-01,13.189,Japan
1917-06-01,17.976,Japan
1917-07-01,23.55,Japan
1917-08-01,23.576999999999998,Japan
1917-09-01,20.943,Japan
1917-10-01,15.139,Japan
1917-11-01,6.789,Japan
1917-12-01,2.364,Japan
1918-01-01,-0.6819999999999999,Japan
1918-02-01,0.905,Japan
1918-03-01,4.335,Japan
1918-04-01,9.415,Japan
1918-05-01,14.029000000000002,Japan
1918-06-01,18.351,Japan
1918-07-01,23.349,Japan
1918-08-01,24.096,Japan
1918-09-01,20.62,Japan
1918-10-01,14.481,Japan
1918-11-01,8.193999999999999,Japan
1918-12-01,2.217,Japan
1919-01-01,0.06900000000000006,Japan
1919-02-01,1.2890000000000001,Japan
1919-03-01,5.215,Japan
1919-04-01,9.854,Japan
1919-05-01,14.200999999999999,Japan
1919-06-01,18.37,Japan
1919-07-01,22.665,Japan
1919-08-01,23.475,Japan
1919-09-01,20.612,Japan
1919-10-01,14.825999999999999,Japan
1919-11-01,9.626,Japan
1919-12-01,3.214,Japan
1920-01-01,1.909,Japan
1920-02-01,0.331,Japan
1920-03-01,4.724,Japan
1920-04-01,9.925,Japan
1920-05-01,14.17,Japan
1920-06-01,18.953,Japan
1920-07-01,24.103,Japan
1920-08-01,24.436999999999998,Japan
1920-09-01,20.367,Japan
1920-10-01,14.527999999999999,Japan
1920-11-01,10.091000000000001,Japan
1920-12-01,3.0239999999999996,Japan
1921-01-01,1.15,Japan
1921-02-01,0.952,Japan
1921-03-01,3.275,Japan
1921-04-01,10.822000000000001,Japan
1921-05-01,14.063,Japan
1921-06-01,17.124000000000002,Japan
1921-07-01,22.886999999999997,Japan
1921-08-01,24.391,Japan
1921-09-01,20.154,Japan
1921-10-01,14.152,Japan
1921-11-01,7.049999999999999,Japan
1921-12-01,2.841,Japan
1922-01-01,-2.2589999999999995,Japan
1922-02-01,3.412,Japan
1922-03-01,3.589,Japan
1922-04-01,10.526,Japan
1922-05-01,14.44,Japan
1922-06-01,19.226,Japan
1922-07-01,23.173000000000002,Japan
1922-08-01,25.438000000000002,Japan
1922-09-01,21.461,Japan
1922-10-01,15.055,Japan
1922-11-01,8.716000000000001,Japan
1922-12-01,2.164,Japan
1923-01-01,-0.8049999999999999,Japan
1923-02-01,0.4550000000000001,Japan
1923-03-01,5.474,Japan
1923-04-01,9.385,Japan
1923-05-01,14.915,Japan
1923-06-01,17.976,Japan
1923-07-01,21.959,Japan
1923-08-01,25.19,Japan
1923-09-01,21.143,Japan
1923-10-01,14.513,Japan
1923-11-01,9.223,Japan
1923-12-01,3.474,Japan
1924-01-01,0.4689999999999999,Japan
1924-02-01,0.8390000000000001,Japan
1924-03-01,1.747,Japan
1924-04-01,10.984000000000002,Japan
1924-05-01,13.796,Japan
1924-06-01,17.753999999999994,Japan
1924-07-01,24.761,Japan
1924-08-01,24.820999999999998,Japan
1924-09-01,20.141,Japan
1924-10-01,13.767999999999999,Japan
1924-11-01,7.957999999999998,Japan
1924-12-01,2.6710000000000003,Japan
1925-01-01,0.45,Japan
1925-02-01,-0.268,Japan
1925-03-01,2.8160000000000003,Japan
1925-04-01,8.959999999999997,Japan
1925-05-01,14.185,Japan
1925-06-01,18.992,Japan
1925-07-01,21.947,Japan
1925-08-01,24.603,Japan
1925-09-01,21.087,Japan
1925-10-01,14.605,Japan
1925-11-01,9.594,Japan
1925-12-01,4.132,Japan
1926-01-01,0.215,Japan
1926-02-01,1.5919999999999999,Japan
1926-03-01,3.742,Japan
1926-04-01,8.078,Japan
1926-05-01,14.27,Japan
1926-06-01,17.375,Japan
1926-07-01,22.287,Japan
1926-08-01,24.148000000000003,Japan
1926-09-01,21.177,Japan
1926-10-01,12.788,Japan
1926-11-01,7.909999999999998,Japan
1926-12-01,2.047,Japan
1927-01-01,0.21599999999999986,Japan
1927-02-01,-0.8239999999999998,Japan
1927-03-01,3.662,Japan
1927-04-01,10.093,Japan
1927-05-01,13.86,Japan
1927-06-01,18.318,Japan
1927-07-01,24.035,Japan
1927-08-01,24.483,Japan
1927-09-01,19.579,Japan
1927-10-01,14.558,Japan
1927-11-01,9.393999999999998,Japan
1927-12-01,3.452,Japan
1928-01-01,0.8859999999999999,Japan
1928-02-01,0.2270000000000001,Japan
1928-03-01,4.356,Japan
1928-04-01,9.922,Japan
1928-05-01,15.435,Japan
1928-06-01,18.128,Japan
1928-07-01,22.825,Japan
1928-08-01,23.831,Japan
1928-09-01,22.180999999999997,Japan
1928-10-01,14.934,Japan
1928-11-01,9.405,Japan
1928-12-01,2.565,Japan
1929-01-01,-0.5130000000000001,Japan
1929-02-01,-0.2909999999999999,Japan
1929-03-01,3.9530000000000003,Japan
1929-04-01,9.171,Japan
1929-05-01,13.637,Japan
1929-06-01,18.375,Japan
1929-07-01,24.055,Japan
1929-08-01,24.715,Japan
1929-09-01,19.387999999999998,Japan
1929-10-01,14.702,Japan
1929-11-01,8.710999999999999,Japan
1929-12-01,5.396,Japan
1930-01-01,-0.030000000000000027,Japan
1930-02-01,2.426,Japan
1930-03-01,5.981,Japan
1930-04-01,10.661,Japan
1930-05-01,14.851,Japan
1930-06-01,18.844,Japan
1930-07-01,24.081999999999997,Japan
1930-08-01,25.069000000000003,Japan
1930-09-01,20.082,Japan
1930-10-01,14.728,Japan
1930-11-01,7.775999999999999,Japan
1930-12-01,3.043,Japan
1931-01-01,-0.017000000000000126,Japan
1931-02-01,-0.4480000000000002,Japan
1931-03-01,4.843999999999999,Japan
1931-04-01,8.873999999999997,Japan
1931-05-01,13.444,Japan
1931-06-01,17.88,Japan
1931-07-01,20.233,Japan
1931-08-01,24.593000000000004,Japan
1931-09-01,20.738000000000003,Japan
1931-10-01,14.122,Japan
1931-11-01,9.573,Japan
1931-12-01,4.033,Japan
1932-01-01,2.907,Japan
1932-02-01,0.91,Japan
1932-03-01,3.832,Japan
1932-04-01,8.937999999999997,Japan
1932-05-01,14.884,Japan
1932-06-01,18.347,Japan
1932-07-01,22.734,Japan
1932-08-01,23.984,Japan
1932-09-01,19.909000000000002,Japan
1932-10-01,14.116,Japan
1932-11-01,9.245,Japan
1932-12-01,3.987,Japan
1933-01-01,-0.14200000000000013,Japan
1933-02-01,-0.2719999999999998,Japan
1933-03-01,2.574,Japan
1933-04-01,9.285,Japan
1933-05-01,15.394,Japan
1933-06-01,19.336,Japan
1933-07-01,24.704,Japan
1933-08-01,25.113000000000003,Japan
1933-09-01,20.565,Japan
1933-10-01,14.068,Japan
1933-11-01,8.937999999999997,Japan
1933-12-01,3.875,Japan
1934-01-01,-0.232,Japan
1934-02-01,0.675,Japan
1934-03-01,3.208,Japan
1934-04-01,8.747,Japan
1934-05-01,14.849,Japan
1934-06-01,19.41,Japan
1934-07-01,22.366,Japan
1934-08-01,23.77,Japan
1934-09-01,19.923,Japan
1934-10-01,13.145,Japan
1934-11-01,8.258999999999999,Japan
1934-12-01,3.865,Japan
1935-01-01,0.8989999999999999,Japan
1935-02-01,2.461,Japan
1935-03-01,4.869,Japan
1935-04-01,9.642000000000001,Japan
1935-05-01,14.27,Japan
1935-06-01,18.478,Japan
1935-07-01,22.58,Japan
1935-08-01,23.142,Japan
1935-09-01,19.675,Japan
1935-10-01,15.3,Japan
1935-11-01,8.950999999999997,Japan
1935-12-01,2.45,Japan
1936-01-01,-1.308,Japan
1936-02-01,-0.17199999999999993,Japan
1936-03-01,2.65,Japan
1936-04-01,8.867999999999997,Japan
1936-05-01,13.872,Japan
1936-06-01,19.26,Japan
1936-07-01,22.361,Japan
1936-08-01,23.97,Japan
1936-09-01,21.785,Japan
1936-10-01,14.338,Japan
1936-11-01,8.652000000000001,Japan
1936-12-01,4.294,Japan
1937-01-01,1.3259999999999998,Japan
1937-02-01,2.835,Japan
1937-03-01,4.61,Japan
1937-04-01,9.848,Japan
1937-05-01,14.293,Japan
1937-06-01,17.819000000000003,Japan
1937-07-01,24.068,Japan
1937-08-01,25.368,Japan
1937-09-01,20.387999999999998,Japan
1937-10-01,14.540999999999999,Japan
1937-11-01,9.383,Japan
1937-12-01,2.055,Japan
1938-01-01,-0.10299999999999998,Japan
1938-02-01,0.2350000000000001,Japan
1938-03-01,5.773,Japan
1938-04-01,10.264000000000001,Japan
1938-05-01,15.796,Japan
1938-06-01,18.663,Japan
1938-07-01,22.866999999999997,Japan
1938-08-01,24.86,Japan
1938-09-01,20.489,Japan
1938-10-01,15.040999999999999,Japan
1938-11-01,8.367999999999999,Japan
1938-12-01,2.721,Japan
1939-01-01,-0.9030000000000002,Japan
1939-02-01,0.444,Japan
1939-03-01,4.191,Japan
1939-04-01,9.709,Japan
1939-05-01,14.285,Japan
1939-06-01,18.847,Japan
1939-07-01,24.215999999999998,Japan
1939-08-01,24.570999999999998,Japan
1939-09-01,21.622,Japan
1939-10-01,15.151,Japan
1939-11-01,9.656,Japan
1939-12-01,3.22,Japan
1940-01-01,-0.6119999999999999,Japan
1940-02-01,0.327,Japan
1940-03-01,4.575,Japan
1940-04-01,9.329999999999998,Japan
1940-05-01,14.769,Japan
1940-06-01,18.612000000000002,Japan
1940-07-01,23.743000000000002,Japan
1940-08-01,23.485,Japan
1940-09-01,19.941,Japan
1940-10-01,15.073,Japan
1940-11-01,10.222000000000001,Japan
1940-12-01,4.382,Japan
1941-01-01,1.6709999999999998,Japan
1941-02-01,1.284,Japan
1941-03-01,4.99,Japan
1941-04-01,9.35,Japan
1941-05-01,14.8,Japan
1941-06-01,18.75,Japan
1941-07-01,21.283,Japan
1941-08-01,23.156,Japan
1941-09-01,19.39,Japan
1941-10-01,14.322,Japan
1941-11-01,9.767000000000001,Japan
1941-12-01,4.259,Japan
1942-01-01,-0.3819999999999999,Japan
1942-02-01,-0.5069999999999997,Japan
1942-03-01,6.587000000000001,Japan
1942-04-01,10.007,Japan
1942-05-01,14.085,Japan
1942-06-01,19.14,Japan
1942-07-01,24.715999999999998,Japan
1942-08-01,24.449,Japan
1942-09-01,21.175,Japan
1942-10-01,14.02,Japan
1942-11-01,8.015999999999998,Japan
1942-12-01,2.72,Japan
1943-01-01,-0.4640000000000002,Japan
1943-02-01,0.371,Japan
1943-03-01,4.022,Japan
1943-04-01,8.745999999999999,Japan
1943-05-01,14.470999999999998,Japan
1943-06-01,19.138,Japan
1943-07-01,23.718000000000004,Japan
1943-08-01,25.430999999999997,Japan
1943-09-01,21.848000000000003,Japan
1943-10-01,14.897,Japan
1943-11-01,8.273,Japan
1943-12-01,3.487,Japan
1944-01-01,-0.16200000000000014,Japan
1944-02-01,-0.232,Japan
1944-03-01,3.514,Japan
1944-04-01,8.094999999999999,Japan
1944-05-01,15.272,Japan
1944-06-01,19.621,Japan
1944-07-01,23.682,Japan
1944-08-01,25.175,Japan
1944-09-01,20.913,Japan
1944-10-01,14.495999999999999,Japan
1944-11-01,8.857000000000001,Japan
1944-12-01,1.0749999999999995,Japan
1945-01-01,-2.083,Japan
1945-02-01,-1.3210000000000002,Japan
1945-03-01,3.865,Japan
1945-04-01,10.194,Japan
1945-05-01,12.932,Japan
1945-06-01,18.221,Japan
1945-07-01,20.449,Japan
1945-08-01,24.794,Japan
1945-09-01,20.468,Japan
1945-10-01,14.939,Japan
1945-11-01,9.122,Japan
1945-12-01,2.086,Japan
1946-01-01,0.6799999999999999,Japan
1946-02-01,0.99,Japan
1946-03-01,3.2880000000000003,Japan
1946-04-01,10.861,Japan
1946-05-01,14.066,Japan
1946-06-01,20.364,Japan
1946-07-01,24.066,Japan
1946-08-01,25.212,Japan
1946-09-01,20.649,Japan
1946-10-01,15.12,Japan
1946-11-01,10.599,Japan
1946-12-01,2.4330000000000003,Japan
1947-01-01,1.113,Japan
1947-02-01,-0.581,Japan
1947-03-01,3.256,Japan
1947-04-01,9.511000000000001,Japan
1947-05-01,13.947000000000001,Japan
1947-06-01,17.183999999999994,Japan
1947-07-01,23.429000000000002,Japan
1947-08-01,24.980999999999998,Japan
1947-09-01,20.619,Japan
1947-10-01,13.559,Japan
1947-11-01,7.705999999999999,Japan
1947-12-01,1.2789999999999997,Japan
1948-01-01,1.69,Japan
1948-02-01,1.633,Japan
1948-03-01,4.395,Japan
1948-04-01,11.226,Japan
1948-05-01,15.713,Japan
1948-06-01,19.227,Japan
1948-07-01,23.677,Japan
1948-08-01,24.76,Japan
1948-09-01,21.011,Japan
1948-10-01,15.208,Japan
1948-11-01,9.105,Japan
1948-12-01,5.906000000000001,Japan
1949-01-01,2.665,Japan
1949-02-01,3.4960000000000004,Japan
1949-03-01,3.2060000000000004,Japan
1949-04-01,8.299,Japan
1949-05-01,15.557,Japan
1949-06-01,17.715,Japan
1949-07-01,22.631,Japan
1949-08-01,24.833,Japan
1949-09-01,20.892,Japan
1949-10-01,14.225,Japan
1949-11-01,8.209,Japan
1949-12-01,3.503,Japan
1950-01-01,1.8130000000000002,Japan
1950-02-01,1.8869999999999998,Japan
1950-03-01,4.775,Japan
1950-04-01,10.741,Japan
1950-05-01,16.063,Japan
1950-06-01,19.101,Japan
1950-07-01,24.285,Japan
1950-08-01,25.268,Japan
1950-09-01,21.305999999999997,Japan
1950-10-01,13.763,Japan
1950-11-01,9.186,Japan
1950-12-01,2.886,Japan
1951-01-01,0.03700000000000003,Japan
1951-02-01,1.6019999999999999,Japan
1951-03-01,4.65,Japan
1951-04-01,9.822000000000001,Japan
1951-05-01,15.151,Japan
1951-06-01,18.433,Japan
1951-07-01,22.183000000000003,Japan
1951-08-01,25.785999999999998,Japan
1951-09-01,19.027,Japan
1951-10-01,15.167,Japan
1951-11-01,8.812000000000001,Japan
1951-12-01,5.09,Japan
1952-01-01,1.0699999999999998,Japan
1952-02-01,-0.15599999999999992,Japan
1952-03-01,4.196000000000001,Japan
1952-04-01,10.318,Japan
1952-05-01,14.88,Japan
1952-06-01,18.856,Japan
1952-07-01,22.656999999999996,Japan
1952-08-01,24.467,Japan
1952-09-01,20.71,Japan
1952-10-01,14.539000000000001,Japan
1952-11-01,9.393,Japan
1952-12-01,2.346,Japan
1953-01-01,0.15900000000000006,Japan
1953-02-01,0.542,Japan
1953-03-01,5.867999999999999,Japan
1953-04-01,9.169,Japan
1953-05-01,14.447000000000001,Japan
1953-06-01,18.536,Japan
1953-07-01,22.706,Japan
1953-08-01,23.787,Japan
1953-09-01,20.671,Japan
1953-10-01,15.183,Japan
1953-11-01,7.650999999999999,Japan
1953-12-01,4.857,Japan
1954-01-01,1.641,Japan
1954-02-01,2.83,Japan
1954-03-01,4.718999999999999,Japan
1954-04-01,11.209000000000001,Japan
1954-05-01,14.795,Japan
1954-06-01,16.746,Japan
1954-07-01,20.792,Japan
1954-08-01,24.406999999999996,Japan
1954-09-01,21.755,Japan
1954-10-01,13.795,Japan
1954-11-01,9.662,Japan
1954-12-01,4.337,Japan
1955-01-01,0.30799999999999994,Japan
1955-02-01,2.545,Japan
1955-03-01,5.803999999999999,Japan
1955-04-01,10.79,Japan
1955-05-01,14.729000000000001,Japan
1955-06-01,19.845,Japan
1955-07-01,24.878,Japan
1955-08-01,24.624000000000002,Japan
1955-09-01,20.417,Japan
1955-10-01,15.048,Japan
1955-11-01,8.486999999999998,Japan
1955-12-01,5.273,Japan
1956-01-01,0.8949999999999999,Japan
1956-02-01,0.7709999999999999,Japan
1956-03-01,5.225,Japan
1956-04-01,10.205,Japan
1956-05-01,15.407,Japan
1956-06-01,19.01,Japan
1956-07-01,22.429000000000002,Japan
1956-08-01,22.986,Japan
1956-09-01,21.099,Japan
1956-10-01,15.492,Japan
1956-11-01,8.78,Japan
1956-12-01,1.9340000000000002,Japan
1957-01-01,2.043,Japan
1957-02-01,0.696,Japan
1957-03-01,3.212,Japan
1957-04-01,10.768999999999998,Japan
1957-05-01,14.69,Japan
1957-06-01,17.726999999999997,Japan
1957-07-01,22.405,Japan
1957-08-01,24.38,Japan
1957-09-01,19.031,Japan
1957-10-01,14.694,Japan
1957-11-01,10.194,Japan
1957-12-01,4.823,Japan
1958-01-01,1.463,Japan
1958-02-01,2.615,Japan
1958-03-01,4.895,Japan
1958-04-01,10.575,Japan
1958-05-01,14.904000000000002,Japan
1958-06-01,19.423,Japan
1958-07-01,23.188000000000002,Japan
1958-08-01,23.74,Japan
1958-09-01,21.013,Japan
1958-10-01,14.229,Japan
1958-11-01,9.253,Japan
1958-12-01,5.542000000000001,Japan
1959-01-01,0.627,Japan
1959-02-01,4.112,Japan
1959-03-01,6.382999999999999,Japan
1959-04-01,11.51,Japan
1959-05-01,15.559000000000001,Japan
1959-06-01,18.515,Japan
1959-07-01,23.399,Japan
1959-08-01,24.276999999999997,Japan
1959-09-01,21.575,Japan
1959-10-01,15.442,Japan
1959-11-01,9.779,Japan
1959-12-01,4.32,Japan
1960-01-01,0.7919999999999999,Japan
1960-02-01,3.014,Japan
1960-03-01,5.965,Japan
1960-04-01,9.625,Japan
1960-05-01,14.992,Japan
1960-06-01,18.712,Japan
1960-07-01,23.333000000000002,Japan
1960-08-01,25.092,Japan
1960-09-01,21.518,Japan
1960-10-01,14.749,Japan
1960-11-01,10.062000000000001,Japan
1960-12-01,3.344,Japan
1961-01-01,-0.16100000000000006,Japan
1961-02-01,0.928,Japan
1961-03-01,5.291,Japan
1961-04-01,11.296,Japan
1961-05-01,16.243,Japan
1961-06-01,19.577,Japan
1961-07-01,24.632,Japan
1961-08-01,25.04,Japan
1961-09-01,22.916999999999998,Japan
1961-10-01,16.227999999999998,Japan
1961-11-01,10.185,Japan
1961-12-01,4.37,Japan
1962-01-01,1.1840000000000002,Japan
1962-02-01,1.922,Japan
1962-03-01,4.615,Japan
1962-04-01,10.759,Japan
1962-05-01,15.584000000000001,Japan
1962-06-01,18.531,Japan
1962-07-01,23.271,Japan
1962-08-01,24.679,Japan
1962-09-01,21.419,Japan
1962-10-01,14.242,Japan
1962-11-01,8.895,Japan
1962-12-01,4.493,Japan
1963-01-01,-0.33199999999999985,Japan
1963-02-01,0.81,Japan
1963-03-01,4.81,Japan
1963-04-01,11.058,Japan
1963-05-01,16.154,Japan
1963-06-01,19.431,Japan
1963-07-01,23.361,Japan
1963-08-01,24.127,Japan
1963-09-01,19.445,Japan
1963-10-01,14.244000000000002,Japan
1963-11-01,9.487,Japan
1963-12-01,4.924,Japan
1964-01-01,2.205,Japan
1964-02-01,0.2,Japan
1964-03-01,4.53,Japan
1964-04-01,12.155,Japan
1964-05-01,15.813,Japan
1964-06-01,18.428,Japan
1964-07-01,23.054000000000002,Japan
1964-08-01,24.994,Japan
1964-09-01,20.205,Japan
1964-10-01,14.09,Japan
1964-11-01,8.655,Japan
1964-12-01,3.8680000000000003,Japan
1965-01-01,1.411,Japan
1965-02-01,1.122,Japan
1965-03-01,3.16,Japan
1965-04-01,8.200999999999999,Japan
1965-05-01,14.828,Japan
1965-06-01,18.869,Japan
1965-07-01,22.019000000000002,Japan
1965-08-01,24.269,Japan
1965-09-01,19.683,Japan
1965-10-01,14.03,Japan
1965-11-01,9.325,Japan
1965-12-01,3.338,Japan
1966-01-01,0.6869999999999999,Japan
1966-02-01,2.641,Japan
1966-03-01,6.035,Japan
1966-04-01,10.043,Japan
1966-05-01,14.55,Japan
1966-06-01,18.037,Japan
1966-07-01,22.111,Japan
1966-08-01,24.697,Japan
1966-09-01,20.233,Japan
1966-10-01,15.333,Japan
1966-11-01,9.111,Japan
1966-12-01,2.135,Japan
1967-01-01,0.09499999999999996,Japan
1967-02-01,1.089,Japan
1967-03-01,5.416,Japan
1967-04-01,10.553,Japan
1967-05-01,16.357,Japan
1967-06-01,19.374000000000002,Japan
1967-07-01,23.488000000000003,Japan
1967-08-01,25.11,Japan
1967-09-01,20.522,Japan
1967-10-01,14.24,Japan
1967-11-01,8.674999999999999,Japan
1967-12-01,2.277,Japan
1968-01-01,1.094,Japan
1968-02-01,-0.341,Japan
1968-03-01,5.7010000000000005,Japan
1968-04-01,10.577,Japan
1968-05-01,14.487,Japan
1968-06-01,18.847,Japan
1968-07-01,22.651999999999997,Japan
1968-08-01,23.842,Japan
1968-09-01,20.031,Japan
1968-10-01,13.418,Japan
1968-11-01,9.938,Japan
1968-12-01,6.039,Japan
1969-01-01,1.19,Japan
1969-02-01,1.496,Japan
1969-03-01,3.784,Japan
1969-04-01,10.343,Japan
1969-05-01,15.18,Japan
1969-06-01,18.254,Japan
1969-07-01,22.590999999999998,Japan
1969-08-01,23.926,Japan
1969-09-01,20.674,Japan
1969-10-01,13.82,Japan
1969-11-01,8.603,Japan
1969-12-01,2.327,Japan
1970-01-01,-0.04400000000000015,Japan
1970-02-01,1.9980000000000002,Japan
1970-03-01,1.814,Japan
1970-04-01,9.534,Japan
1970-05-01,16.012999999999998,Japan
1970-06-01,18.236,Japan
1970-07-01,23.166,Japan
1970-08-01,24.381999999999998,Japan
1970-09-01,21.355999999999998,Japan
1970-10-01,14.917,Japan
1970-11-01,8.87,Japan
1970-12-01,2.906,Japan
1971-01-01,0.931,Japan
1971-02-01,1.6,Japan
1971-03-01,4.274,Japan
1971-04-01,10.04,Japan
1971-05-01,14.703,Japan
1971-06-01,18.646,Japan
1971-07-01,23.312,Japan
1971-08-01,23.845,Japan
1971-09-01,19.666,Japan
1971-10-01,13.724,Japan
1971-11-01,9.059,Japan
1971-12-01,4.001,Japan
1972-01-01,2.983,Japan
1972-02-01,2.1870000000000003,Japan
1972-03-01,5.586,Japan
1972-04-01,10.482000000000001,Japan
1972-05-01,15.148,Japan
1972-06-01,18.931,Japan
1972-07-01,23.106,Japan
1972-08-01,24.224,Japan
1972-09-01,20.186,Japan
1972-10-01,15.017999999999999,Japan
1972-11-01,8.761000000000001,Japan
1972-12-01,4.494,Japan
1973-01-01,2.6790000000000003,Japan
1973-02-01,3.002,Japan
1973-03-01,4.0,Japan
1973-04-01,11.720999999999998,Japan
1973-05-01,15.052,Japan
1973-06-01,18.247,Japan
1973-07-01,23.84,Japan
1973-08-01,25.647,Japan
1973-09-01,20.22,Japan
1973-10-01,14.248,Japan
1973-11-01,8.119,Japan
1973-12-01,2.202,Japan
1974-01-01,0.835,Japan
1974-02-01,1.198,Japan
1974-03-01,3.8569999999999998,Japan
1974-04-01,10.622,Japan
1974-05-01,15.564,Japan
1974-06-01,18.608,Japan
1974-07-01,21.818,Japan
1974-08-01,24.38,Japan
1974-09-01,19.984,Japan
1974-10-01,14.460999999999999,Japan
1974-11-01,7.754999999999999,Japan
1974-12-01,2.404,Japan
1975-01-01,0.7809999999999999,Japan
1975-02-01,0.6240000000000001,Japan
1975-03-01,4.421,Japan
1975-04-01,10.816,Japan
1975-05-01,14.948,Japan
1975-06-01,19.048,Japan
1975-07-01,23.151999999999997,Japan
1975-08-01,24.676,Japan
1975-09-01,22.156,Japan
1975-10-01,14.799000000000001,Japan
1975-11-01,9.654,Japan
1975-12-01,2.969,Japan
1976-01-01,0.7389999999999999,Japan
1976-02-01,2.986,Japan
1976-03-01,4.931,Japan
1976-04-01,9.977,Japan
1976-05-01,15.15,Japan
1976-06-01,18.534000000000002,Japan
1976-07-01,22.154,Japan
1976-08-01,22.831,Japan
1976-09-01,19.066,Japan
1976-10-01,14.140999999999998,Japan
1976-11-01,7.475,Japan
1976-12-01,2.986,Japan
1977-01-01,-1.4349999999999998,Japan
1977-02-01,-0.2669999999999999,Japan
1977-03-01,5.297000000000001,Japan
1977-04-01,10.465,Japan
1977-05-01,14.725,Japan
1977-06-01,18.614,Japan
1977-07-01,23.708000000000002,Japan
1977-08-01,23.233,Japan
1977-09-01,21.175,Japan
1977-10-01,15.545,Japan
1977-11-01,10.476,Japan
1977-12-01,4.843,Japan
1978-01-01,1.157,Japan
1978-02-01,-0.5419999999999998,Japan
1978-03-01,4.401,Japan
1978-04-01,9.837,Japan
1978-05-01,15.481,Japan
1978-06-01,20.225,Japan
1978-07-01,25.342,Japan
1978-08-01,25.570999999999998,Japan
1978-09-01,20.616,Japan
1978-10-01,14.147,Japan
1978-11-01,9.139,Japan
1978-12-01,4.69,Japan
1979-01-01,2.197,Japan
1979-02-01,3.6889999999999996,Japan
1979-03-01,5.087,Japan
1979-04-01,9.422,Japan
1979-05-01,14.45,Japan
1979-06-01,20.497,Japan
1979-07-01,22.195,Japan
1979-08-01,24.641,Japan
1979-09-01,20.826999999999998,Japan
1979-10-01,16.012999999999998,Japan
1979-11-01,9.612,Japan
1979-12-01,5.481,Japan
1980-01-01,1.27,Japan
1980-02-01,0.08800000000000008,Japan
1980-03-01,4.57,Japan
1980-04-01,9.207,Japan
1980-05-01,15.418,Japan
1980-06-01,20.161,Japan
1980-07-01,21.559,Japan
1980-08-01,21.938,Japan
1980-09-01,19.904,Japan
1980-10-01,14.505,Japan
1980-11-01,9.735,Japan
1980-12-01,3.1860000000000004,Japan
1981-01-01,-0.421,Japan
1981-02-01,0.985,Japan
1981-03-01,4.747,Japan
1981-04-01,10.278,Japan
1981-05-01,14.088,Japan
1981-06-01,18.114,Japan
1981-07-01,23.85,Japan
1981-08-01,23.714000000000002,Japan
1981-09-01,19.342,Japan
1981-10-01,14.084000000000001,Japan
1981-11-01,6.956,Japan
1981-12-01,3.8160000000000003,Japan
1982-01-01,0.9790000000000001,Japan
1982-02-01,0.962,Japan
1982-03-01,5.6739999999999995,Japan
1982-04-01,10.034,Japan
1982-05-01,16.345,Japan
1982-06-01,18.47,Japan
1982-07-01,21.552,Japan
1982-08-01,24.268,Japan
1982-09-01,19.819000000000003,Japan
1982-10-01,15.004000000000001,Japan
1982-11-01,10.277000000000001,Japan
1982-12-01,4.652,Japan
1983-01-01,1.807,Japan
1983-02-01,0.782,Japan
1983-03-01,4.727,Japan
1983-04-01,12.513,Japan
1983-05-01,15.749,Japan
1983-06-01,17.473,Japan
1983-07-01,21.473000000000003,Japan
1983-08-01,24.868000000000002,Japan
1983-09-01,20.930999999999997,Japan
1983-10-01,13.924000000000001,Japan
1983-11-01,8.559,Japan
1983-12-01,2.657,Japan
1984-01-01,-0.502,Japan
1984-02-01,-0.975,Japan
1984-03-01,2.215,Japan
1984-04-01,8.857999999999997,Japan
1984-05-01,14.3,Japan
1984-06-01,20.019000000000002,Japan
1984-07-01,23.935,Japan
1984-08-01,25.569000000000003,Japan
1984-09-01,20.33,Japan
1984-10-01,13.883,Japan
1984-11-01,8.989999999999998,Japan
1984-12-01,3.297,Japan
1985-01-01,-0.9269999999999998,Japan
1985-02-01,2.2569999999999997,Japan
1985-03-01,4.989,Japan
1985-04-01,10.864999999999998,Japan
1985-05-01,15.79,Japan
1985-06-01,18.155,Japan
1985-07-01,23.295,Japan
1985-08-01,26.008000000000003,Japan
1985-09-01,20.965999999999998,Japan
1985-10-01,14.764,Japan
1985-11-01,8.921999999999997,Japan
1985-12-01,2.292,Japan
1986-01-01,-0.4119999999999999,Japan
1986-02-01,-0.355,Japan
1986-03-01,4.274,Japan
1986-04-01,10.463,Japan
1986-05-01,14.803,Japan
1986-06-01,18.554000000000002,Japan
1986-07-01,21.515,Japan
1986-08-01,24.569000000000003,Japan
1986-09-01,20.927,Japan
1986-10-01,13.187,Japan
1986-11-01,8.315999999999999,Japan
1986-12-01,4.456,Japan
1987-01-01,1.242,Japan
1987-02-01,2.0980000000000003,Japan
1987-03-01,5.075,Japan
1987-04-01,10.249,Japan
1987-05-01,15.470999999999998,Japan
1987-06-01,19.457,Japan
1987-07-01,23.432,Japan
1987-08-01,23.993000000000002,Japan
1987-09-01,20.456,Japan
1987-10-01,15.669,Japan
1987-11-01,9.251,Japan
1987-12-01,4.133,Japan
1988-01-01,2.52,Japan
1988-02-01,0.458,Japan
1988-03-01,4.427,Japan
1988-04-01,10.207999999999998,Japan
1988-05-01,14.794,Japan
1988-06-01,19.164,Japan
1988-07-01,21.187,Japan
1988-08-01,24.609,Japan
1988-09-01,20.724,Japan
1988-10-01,14.18,Japan
1988-11-01,7.424999999999999,Japan
1988-12-01,3.9160000000000004,Japan
1989-01-01,3.5180000000000002,Japan
1989-02-01,3.5789999999999997,Japan
1989-03-01,6.112,Japan
1989-04-01,11.151,Japan
1989-05-01,14.775,Japan
1989-06-01,17.953,Japan
1989-07-01,22.715999999999998,Japan
1989-08-01,24.655,Japan
1989-09-01,21.188000000000002,Japan
1989-10-01,14.485,Japan
1989-11-01,10.308,Japan
1989-12-01,4.501,Japan
1990-01-01,0.7869999999999999,Japan
1990-02-01,4.543,Japan
1990-03-01,6.7010000000000005,Japan
1990-04-01,10.890999999999998,Japan
1990-05-01,15.677,Japan
1990-06-01,20.377,Japan
1990-07-01,23.708000000000002,Japan
1990-08-01,25.64,Japan
1990-09-01,21.750999999999998,Japan
1990-10-01,15.78,Japan
1990-11-01,11.483999999999998,Japan
1990-12-01,5.747999999999999,Japan
1991-01-01,2.316,Japan
1991-02-01,1.6969999999999998,Japan
1991-03-01,5.656000000000001,Japan
1991-04-01,11.309000000000001,Japan
1991-05-01,15.499,Japan
1991-06-01,20.462,Japan
1991-07-01,22.883000000000003,Japan
1991-08-01,23.281999999999996,Japan
1991-09-01,21.1,Japan
1991-10-01,15.206,Japan
1991-11-01,9.097000000000001,Japan
1991-12-01,4.891,Japan
1992-01-01,2.676,Japan
1992-02-01,2.367,Japan
1992-03-01,6.0,Japan
1992-04-01,10.839,Japan
1992-05-01,14.249,Japan
1992-06-01,18.109,Japan
1992-07-01,22.843000000000004,Japan
1992-08-01,23.78,Japan
1992-09-01,20.059,Japan
1992-10-01,14.665999999999999,Japan
1992-11-01,9.387,Japan
1992-12-01,4.836,Japan
1993-01-01,2.798,Japan
1993-02-01,3.185,Japan
1993-03-01,5.086,Japan
1993-04-01,9.636000000000001,Japan
1993-05-01,14.63,Japan
1993-06-01,18.187,Japan
1993-07-01,20.766,Japan
1993-08-01,22.171,Japan
1993-09-01,19.637,Japan
1993-10-01,13.98,Japan
1993-11-01,10.305,Japan
1993-12-01,4.281000000000001,Japan
1994-01-01,1.296,Japan
1994-02-01,2.5069999999999997,Japan
1994-03-01,4.268,Japan
1994-04-01,11.411,Japan
1994-05-01,16.314,Japan
1994-06-01,19.189,Japan
1994-07-01,24.888,Japan
1994-08-01,26.340999999999998,Japan
1994-09-01,21.901999999999997,Japan
1994-10-01,16.092,Japan
1994-11-01,10.114,Japan
1994-12-01,4.435,Japan
1995-01-01,1.464,Japan
1995-02-01,2.174,Japan
1995-03-01,5.4350000000000005,Japan
1995-04-01,10.678999999999998,Japan
1995-05-01,15.526,Japan
1995-06-01,17.907999999999994,Japan
1995-07-01,23.441,Japan
1995-08-01,25.213,Japan
1995-09-01,20.12,Japan
1995-10-01,15.897,Japan
1995-11-01,8.537999999999998,Japan
1995-12-01,3.31,Japan
1996-01-01,1.545,Japan
1996-02-01,1.3090000000000002,Japan
1996-03-01,4.92,Japan
1996-04-01,8.684,Japan
1996-05-01,14.42,Japan
1996-06-01,18.97,Japan
1996-07-01,23.01,Japan
1996-08-01,23.773000000000003,Japan
1996-09-01,20.075,Japan
1996-10-01,14.765999999999998,Japan
1996-11-01,9.263,Japan
1996-12-01,4.259,Japan
1997-01-01,1.896,Japan
1997-02-01,2.506,Japan
1997-03-01,5.979,Japan
1997-04-01,10.93,Japan
1997-05-01,15.409,Japan
1997-06-01,19.195,Japan
1997-07-01,23.307,Japan
1997-08-01,23.822,Japan
1997-09-01,20.049,Japan
1997-10-01,14.203,Japan
1997-11-01,10.720999999999998,Japan
1997-12-01,5.0120000000000005,Japan
1998-01-01,0.929,Japan
1998-02-01,3.016,Japan
1998-03-01,6.275,Japan
1998-04-01,12.973999999999998,Japan
1998-05-01,16.985,Japan
1998-06-01,18.784000000000002,Japan
1998-07-01,22.974,Japan
1998-08-01,24.285999999999998,Japan
1998-09-01,21.971,Japan
1998-10-01,16.727999999999998,Japan
1998-11-01,9.246,Japan
1998-12-01,4.769,Japan
1999-01-01,2.016,Japan
1999-02-01,1.8630000000000002,Japan
1999-03-01,5.899,Japan
1999-04-01,10.678,Japan
1999-05-01,15.902999999999999,Japan
1999-06-01,19.809,Japan
1999-07-01,23.062,Japan
1999-08-01,25.546999999999997,Japan
1999-09-01,22.698,Japan
1999-10-01,15.700999999999999,Japan
1999-11-01,9.861,Japan
1999-12-01,3.924,Japan
2000-01-01,2.7310000000000003,Japan
2000-02-01,0.9159999999999999,Japan
2000-03-01,4.867,Japan
2000-04-01,10.117,Japan
2000-05-01,16.062,Japan
2000-06-01,19.393,Japan
2000-07-01,24.327,Japan
2000-08-01,25.433000000000003,Japan
2000-09-01,21.525,Japan
2000-10-01,15.389,Japan
2000-11-01,9.479,Japan
2000-12-01,3.767,Japan
2001-01-01,0.334,Japan
2001-02-01,1.4169999999999998,Japan
2001-03-01,5.169,Japan
2001-04-01,11.353,Japan
2001-05-01,16.049,Japan
2001-06-01,19.56,Japan
2001-07-01,24.179000000000002,Japan
2001-08-01,23.881999999999998,Japan
2001-09-01,20.207,Japan
2001-10-01,15.225999999999999,Japan
2001-11-01,9.076,Japan
2001-12-01,2.948,Japan
2002-01-01,2.587,Japan
2002-02-01,3.4760000000000004,Japan
2002-03-01,7.353999999999999,Japan
2002-04-01,12.422,Japan
2002-05-01,15.69,Japan
2002-06-01,18.971,Japan
2002-07-01,23.735,Japan
2002-08-01,24.074,Japan
2002-09-01,20.675,Japan
2002-10-01,14.892999999999999,Japan
2002-11-01,7.0539999999999985,Japan
2002-12-01,3.117,Japan
2003-01-01,1.0190000000000001,Japan
2003-02-01,2.235,Japan
2003-03-01,4.853,Japan
2003-04-01,11.327,Japan
2003-05-01,15.819,Japan
2003-06-01,19.436,Japan
2003-07-01,20.559,Japan
2003-08-01,23.393,Japan
2003-09-01,21.089000000000002,Japan
2003-10-01,14.421,Japan
2003-11-01,11.146999999999998,Japan
2003-12-01,4.7860000000000005,Japan
2004-01-01,1.641,Japan
2004-02-01,3.583,Japan
2004-03-01,5.782,Japan
2004-04-01,11.407,Japan
2004-05-01,16.465,Japan
2004-06-01,20.415,Japan
2004-07-01,24.377,Japan
2004-08-01,24.271,Japan
2004-09-01,21.631,Japan
2004-10-01,15.083,Japan
2004-11-01,11.309000000000001,Japan
2004-12-01,5.263999999999999,Japan
2005-01-01,1.56,Japan
2005-02-01,1.399,Japan
2005-03-01,4.7669999999999995,Japan
2005-04-01,11.143999999999998,Japan
2005-05-01,14.474,Japan
2005-06-01,20.47,Japan
2005-07-01,22.701,Japan
2005-08-01,25.111,Japan
2005-09-01,21.892,Japan
2005-10-01,16.05,Japan
2005-11-01,9.549,Japan
2005-12-01,1.5539999999999998,Japan
2006-01-01,0.992,Japan
2006-02-01,2.51,Japan
2006-03-01,5.263,Japan
2006-04-01,9.422999999999998,Japan
2006-05-01,15.667,Japan
2006-06-01,19.183,Japan
2006-07-01,22.669,Japan
2006-08-01,25.596,Japan
2006-09-01,20.726,Japan
2006-10-01,15.905999999999999,Japan
2006-11-01,10.43,Japan
2006-12-01,4.72,Japan
2007-01-01,3.051,Japan
2007-02-01,4.2139999999999995,Japan
2007-03-01,5.938,Japan
2007-04-01,9.962,Japan
2007-05-01,15.613,Japan
2007-06-01,20.092,Japan
2007-07-01,21.814,Japan
2007-08-01,25.51,Japan
2007-09-01,22.531999999999996,Japan
2007-10-01,15.69,Japan
2007-11-01,9.2,Japan
2007-12-01,4.69,Japan
2008-01-01,1.4080000000000001,Japan
2008-02-01,1.2109999999999999,Japan
2008-03-01,6.757000000000001,Japan
2008-04-01,11.337,Japan
2008-05-01,15.444,Japan
2008-06-01,18.747,Japan
2008-07-01,24.062,Japan
2008-08-01,24.035999999999998,Japan
2008-09-01,21.296999999999997,Japan
2008-10-01,15.879,Japan
2008-11-01,9.175999999999998,Japan
2008-12-01,5.145,Japan
2009-01-01,2.516,Japan
2009-02-01,3.682,Japan
2009-03-01,6.068,Japan
2009-04-01,11.228,Japan
2009-05-01,16.348,Japan
2009-06-01,19.523,Japan
2009-07-01,22.529,Japan
2009-08-01,23.674,Japan
2009-09-01,20.453,Japan
2009-10-01,15.296,Japan
2009-11-01,9.655,Japan
2009-12-01,4.234,Japan
2010-01-01,2.197,Japan
2010-02-01,2.911,Japan
2010-03-01,5.372000000000001,Japan
2010-04-01,9.196,Japan
2010-05-01,14.923,Japan
2010-06-01,20.337,Japan
2010-07-01,24.28,Japan
2010-08-01,26.642,Japan
2010-09-01,22.31,Japan
2010-10-01,15.892000000000001,Japan
2010-11-01,9.53,Japan
2010-12-01,4.997,Japan
2011-01-01,-0.047000000000000035,Japan
2011-02-01,3.279,Japan
2011-03-01,4.196000000000001,Japan
2011-04-01,10.11,Japan
2011-05-01,15.014000000000001,Japan
2011-06-01,19.978,Japan
2011-07-01,24.041,Japan
2011-08-01,25.000999999999998,Japan
2011-09-01,21.754,Japan
2011-10-01,15.429,Japan
2011-11-01,10.88,Japan
2011-12-01,3.218,Japan
2012-01-01,0.6279999999999999,Japan
2012-02-01,0.7040000000000001,Japan
2012-03-01,4.944,Japan
2012-04-01,10.693,Japan
2012-05-01,15.587,Japan
2012-06-01,18.707,Japan
2012-07-01,23.651,Japan
2012-08-01,25.703000000000003,Japan
2012-09-01,22.933000000000003,Japan
2012-10-01,15.698,Japan
2012-11-01,8.982999999999997,Japan
2012-12-01,2.5569999999999995,Japan
2013-01-01,0.563,Japan
2013-02-01,1.528,Japan
2013-03-01,6.353,Japan
2013-04-01,10.102,Japan
2013-05-01,15.255999999999998,Japan
2013-06-01,19.961,Japan
2013-07-01,24.286,Japan
2013-08-01,25.669,Japan
2013-09-01,,Japan
